cluster,age,annual_income,dealer_visit_count,purchase_probability
0,43.97959183673469,115115.04081632652,5.129251700680272,0.7678231292517007
1,47.99068322981366,107725.62422360248,5.537267080745342,0.2961490683229814
2,40.197916666666664,51421.388020833336,4.4296875,0.5716145833333334
